Ubigeo e Identificador MCP;Departamento;Provincia, Distrito y Municipalidad de Centro Poblado;Región natural (según piso altitudinal);Nombre del Alcalde;Dirección;Viviendas particulares;Teléfonos;Correo Electrónico;Directorio de Municipalidad de Centro Poblado;;;;;;
0102;1.3 departamento amazonas: dispositivo legal de la municipalidad provincial que crea a la municipalidad de centro poblado conforme a la ley n° 27972, ley organica de municipalidades y directorio de municipalidad de centro poblado, 2025;Bagua;;;;;;;;;;;;;
0103;1.3 departamento amazonas: dispositivo legal de la municipalidad provincial que crea a la municipalidad de centro poblado conforme a la ley n° 27972, ley organica de municipalidades y directorio de municipalidad de centro poblado, 2025;Bongará;;;;;;;;;;;;;
0104;1.3 departamento amazonas: dispositivo legal de la municipalidad provincial que crea a la municipalidad de centro poblado conforme a la ley n° 27972, ley organica de municipalidades y directorio de municipalidad de centro poblado, 2025;Condorcanqui;;;;;;;;;;;;;
0105;1.3 departamento amazonas: dispositivo legal de la municipalidad provincial que crea a la municipalidad de centro poblado conforme a la ley n° 27972, ley organica de municipalidades y directorio de municipalidad de centro poblado, 2025;Luya;;;;;;;;;;;;;
0107;1.3 departamento amazonas: dispositivo legal de la municipalidad provincial que crea a la municipalidad de centro poblado conforme a la ley n° 27972, ley organica de municipalidades y directorio de municipalidad de centro poblado, 2025;Utcubamba;;;;;;;;;;;;;
1002;10.3 departamento huanuco: dispositivo legal de la municipalidad provincial que crea a la municipalidad de centro poblado conforme a la ley n° 27972, ley organica de municipalidades y directorio de municipalidad de centro poblado, 2025;Ambo;;;;;;;;;;;;;
1003;10.3 departamento huanuco: dispositivo legal de la municipalidad provincial que crea a la municipalidad de centro poblado conforme a la ley n° 27972, ley organica de municipalidades y directorio de municipalidad de centro poblado, 2025;Dos De Mayo;;;;;;;;;;;;;
1004;10.3 departamento huanuco: dispositivo legal de la municipalidad provincial que crea a la municipalidad de centro poblado conforme a la ley n° 27972, ley organica de municipalidades y directorio de municipalidad de centro poblado, 2025;Huacaybamba;;;;;;;;;;;;;
1005;10.3 departamento huanuco: dispositivo legal de la municipalidad provincial que crea a la municipalidad de centro poblado conforme a la ley n° 27972, ley organica de municipalidades y directorio de municipalidad de centro poblado, 2025;Huamalíes;;;;;;;;;;;;;
1006;10.3 departamento huanuco: dispositivo legal de la municipalidad provincial que crea a la municipalidad de centro poblado conforme a la ley n° 27972, ley organica de municipalidades y directorio de municipalidad de centro poblado, 2025;Leoncio Prado;;;;;;;;;;;;;
1007;10.3 departamento huanuco: dispositivo legal de la municipalidad provincial que crea a la municipalidad de centro poblado conforme a la ley n° 27972, ley organica de municipalidades y directorio de municipalidad de centro poblado, 2025;Marañon;;;;;;;;;;;;;
1008;10.3 departamento huanuco: dispositivo legal de la municipalidad provincial que crea a la municipalidad de centro poblado conforme a la ley n° 27972, ley organica de municipalidades y directorio de municipalidad de centro poblado, 2025;Pachitea;;;;;;;;;;;;;
1009;10.3 departamento huanuco: dispositivo legal de la municipalidad provincial que crea a la municipalidad de centro poblado conforme a la ley n° 27972, ley organica de municipalidades y directorio de municipalidad de centro poblado, 2025;Puerto Inca;;;;;;;;;;;;;
1010;10.3 departamento huanuco: dispositivo legal de la municipalidad provincial que crea a la municipalidad de centro poblado conforme a la ley n° 27972, ley organica de municipalidades y directorio de municipalidad de centro poblado, 2025;Lauricocha;;;;;;;;;;;;;
1011;10.3 departamento huanuco: dispositivo legal de la municipalidad provincial que crea a la municipalidad de centro poblado conforme a la ley n° 27972, ley organica de municipalidades y directorio de municipalidad de centro poblado, 2025;Yarowilca;;;;;;;;;;;;;
1103;11.3 departamento ica: dispositivo legal de la municipalidad provincial que crea a la municipalidad de centro poblado conforme a la ley n° 27972, ley organica de municipalidades y directorio de municipalidad de centro poblado, 2025;Nasca;;;;;;;;;;;;;
1105;11.3 departamento ica: dispositivo legal de la municipalidad provincial que crea a la municipalidad de centro poblado conforme a la ley n° 27972, ley organica de municipalidades y directorio de municipalidad de centro poblado, 2025;Pisco;;;;;;;;;;;;;
1202;12.3 departamento junin: dispositivo legal de la municipalidad provincial que crea a la municipalidad de centro poblado conforme a la ley n° 27972, ley organica de municipalidades y directorio de municipalidad de centro poblado, 2025;Concepción;;;;;;;;;;;;;
1203;12.3 departamento junin: dispositivo legal de la municipalidad provincial que crea a la municipalidad de centro poblado conforme a la ley n° 27972, ley organica de municipalidades y directorio de municipalidad de centro poblado, 2025;Chanchamayo;;;;;;;;;;;;;
1204;12.3 departamento junin: dispositivo legal de la municipalidad provincial que crea a la municipalidad de centro poblado conforme a la ley n° 27972, ley organica de municipalidades y directorio de municipalidad de centro poblado, 2025;Jauja;;;;;;;;;;;;;
1205;12.3 departamento junin: dispositivo legal de la municipalidad provincial que crea a la municipalidad de centro poblado conforme a la ley n° 27972, ley organica de municipalidades y directorio de municipalidad de centro poblado, 2025;Junín;;;;;;;;;;;;;
1206;12.3 departamento junin: dispositivo legal de la municipalidad provincial que crea a la municipalidad de centro poblado conforme a la ley n° 27972, ley organica de municipalidades y directorio de municipalidad de centro poblado, 2025;Satipo;;;;;;;;;;;;;
1207;12.3 departamento junin: dispositivo legal de la municipalidad provincial que crea a la municipalidad de centro poblado conforme a la ley n° 27972, ley organica de municipalidades y directorio de municipalidad de centro poblado, 2025;Tarma;;;;;;;;;;;;;
1208;12.3 departamento junin: dispositivo legal de la municipalidad provincial que crea a la municipalidad de centro poblado conforme a la ley n° 27972, ley organica de municipalidades y directorio de municipalidad de centro poblado, 2025;Yauli;;;;;;;;;;;;;
1209;12.3 departamento junin: dispositivo legal de la municipalidad provincial que crea a la municipalidad de centro poblado conforme a la ley n° 27972, ley organica de municipalidades y directorio de municipalidad de centro poblado, 2025;Chupaca;;;;;;;;;;;;;
1302;13.3 departamento la libertad: dispositivo legal de la municipalidad provincial que crea a la municipalidad de centro poblado conforme a la ley n° 27972, ley organica de municipalidades y directorio de municipalidad de centro poblado, 2025;Ascope;;;;;;;;;;;;;
1303;13.3 departamento la libertad: dispositivo legal de la municipalidad provincial que crea a la municipalidad de centro poblado conforme a la ley n° 27972, ley organica de municipalidades y directorio de municipalidad de centro poblado, 2025;Bolívar;;;;;;;;;;;;;
1304;13.3 departamento la libertad: dispositivo legal de la municipalidad provincial que crea a la municipalidad de centro poblado conforme a la ley n° 27972, ley organica de municipalidades y directorio de municipalidad de centro poblado, 2025;Chepén;;;;;;;;;;;;;
1305;13.3 departamento la libertad: dispositivo legal de la municipalidad provincial que crea a la municipalidad de centro poblado conforme a la ley n° 27972, ley organica de municipalidades y directorio de municipalidad de centro poblado, 2025;Julcán;;;;;;;;;;;;;
1306;13.3 departamento la libertad: dispositivo legal de la municipalidad provincial que crea a la municipalidad de centro poblado conforme a la ley n° 27972, ley organica de municipalidades y directorio de municipalidad de centro poblado, 2025;Otuzco;;;;;;;;;;;;;
1307;13.3 departamento la libertad: dispositivo legal de la municipalidad provincial que crea a la municipalidad de centro poblado conforme a la ley n° 27972, ley organica de municipalidades y directorio de municipalidad de centro poblado, 2025;Pacasmayo;;;;;;;;;;;;;
1308;13.3 departamento la libertad: dispositivo legal de la municipalidad provincial que crea a la municipalidad de centro poblado conforme a la ley n° 27972, ley organica de municipalidades y directorio de municipalidad de centro poblado, 2025;Pataz;;;;;;;;;;;;;
1309;13.3 departamento la libertad: dispositivo legal de la municipalidad provincial que crea a la municipalidad de centro poblado conforme a la ley n° 27972, ley organica de municipalidades y directorio de municipalidad de centro poblado, 2025;Sánchez Carrión;;;;;;;;;;;;;
1310;13.3 departamento la libertad: dispositivo legal de la municipalidad provincial que crea a la municipalidad de centro poblado conforme a la ley n° 27972, ley organica de municipalidades y directorio de municipalidad de centro poblado, 2025;Santiago de Chuco;;;;;;;;;;;;;
1311;13.3 departamento la libertad: dispositivo legal de la municipalidad provincial que crea a la municipalidad de centro poblado conforme a la ley n° 27972, ley organica de municipalidades y directorio de municipalidad de centro poblado, 2025;Gran Chimú;;;;;;;;;;;;;
1312;13.3 departamento la libertad: dispositivo legal de la municipalidad provincial que crea a la municipalidad de centro poblado conforme a la ley n° 27972, ley organica de municipalidades y directorio de municipalidad de centro poblado, 2025;Virú;;;;;;;;;;;;;
1402;14.3 departamento lambayeque: dispositivo legal de la municipalidad provincial que crea a la municipalidad de centro poblado conforme a la ley n° 27972, ley organica de municipalidades y directorio de municipalidad de centro poblado, 2025;Ferreñafe;;;;;;;;;;;;;
1403;14.3 departamento lambayeque: dispositivo legal de la municipalidad provincial que crea a la municipalidad de centro poblado conforme a la ley n° 27972, ley organica de municipalidades y directorio de municipalidad de centro poblado, 2025;Lambayeque;;;;;;;;;;;;;
1503;15b.3 lima: dispositivo legal de la municipalidad provincial que crea a la municipalidad de centro poblado conforme a la ley n° 27972, ley organica de municipalidades y directorio de municipalidad de centro poblado, 2025;Cajatambo;;;;;;;;;;;;;
1505;15b.3 lima: dispositivo legal de la municipalidad provincial que crea a la municipalidad de centro poblado conforme a la ley n° 27972, ley organica de municipalidades y directorio de municipalidad de centro poblado, 2025;Cañete;;;;;;;;;;;;;
1507;15b.3 lima: dispositivo legal de la municipalidad provincial que crea a la municipalidad de centro poblado conforme a la ley n° 27972, ley organica de municipalidades y directorio de municipalidad de centro poblado, 2025;Huarochirí;;;;;;;;;;;;;
1508;15b.3 lima: dispositivo legal de la municipalidad provincial que crea a la municipalidad de centro poblado conforme a la ley n° 27972, ley organica de municipalidades y directorio de municipalidad de centro poblado, 2025;Huaura;;;;;;;;;;;;;
1509;15b.3 lima: dispositivo legal de la municipalidad provincial que crea a la municipalidad de centro poblado conforme a la ley n° 27972, ley organica de municipalidades y directorio de municipalidad de centro poblado, 2025;Oyón;;;;;;;;;;;;;
1510;15b.3 lima: dispositivo legal de la municipalidad provincial que crea a la municipalidad de centro poblado conforme a la ley n° 27972, ley organica de municipalidades y directorio de municipalidad de centro poblado, 2025;Yauyos;;;;;;;;;;;;;
1602;16.3 departamento loreto: dispositivo legal de la municipalidad provincial que crea a la municipalidad de centro poblado conforme a la ley n° 27972, ley organica de municipalidades y directorio de municipalidad de centro poblado, 2025;Alto Amazonas;;;;;;;;;;;;;
1603;16.3 departamento loreto: dispositivo legal de la municipalidad provincial que crea a la municipalidad de centro poblado conforme a la ley n° 27972, ley organica de municipalidades y directorio de municipalidad de centro poblado, 2025;Loreto;;;;;;;;;;;;;
1604;16.3 departamento loreto: dispositivo legal de la municipalidad provincial que crea a la municipalidad de centro poblado conforme a la ley n° 27972, ley organica de municipalidades y directorio de municipalidad de centro poblado, 2025;Mariscal Ramón Castilla;;;;;;;;;;;;;
1605;16.3 departamento loreto: dispositivo legal de la municipalidad provincial que crea a la municipalidad de centro poblado conforme a la ley n° 27972, ley organica de municipalidades y directorio de municipalidad de centro poblado, 2025;Requena;;;;;;;;;;;;;
1606;16.3 departamento loreto: dispositivo legal de la municipalidad provincial que crea a la municipalidad de centro poblado conforme a la ley n° 27972, ley organica de municipalidades y directorio de municipalidad de centro poblado, 2025;Ucayali;;;;;;;;;;;;;
1703;17.3 departamento madre de dios: dispositivo legal de la municipalidad provincial que crea a la municipalidad de centro poblado conforme a la ley n° 27972, ley organica de municipalidades y directorio de municipalidad de centro poblado, 2025;Tahuamanu;;;;;;;;;;;;;
1802;18.3 departamento moquegua: dispositivo legal de la municipalidad provincial que crea a la municipalidad de centro poblado conforme a la ley n° 27972, ley organica de municipalidades y directorio de municipalidad de centro poblado, 2025;General Sánchez Cerro;;;;;;;;;;;;;
1902;19.3 departamento pasco: dispositivo legal de la municipalidad provincial que crea a la municipalidad de centro poblado conforme a la ley n° 27972, ley organica de municipalidades y directorio de municipalidad de centro poblado, 2025;Daniel Alcides Carrión;;;;;;;;;;;;;
1903;19.3 departamento pasco: dispositivo legal de la municipalidad provincial que crea a la municipalidad de centro poblado conforme a la ley n° 27972, ley organica de municipalidades y directorio de municipalidad de centro poblado, 2025;Oxapampa;;;;;;;;;;;;;
0202;2.3 departamento ancash: dispositivo legal de la municipalidad provincial que crea a la municipalidad de centro poblado conforme a la ley n° 27972, ley organica de municipalidades y directorio de municipalidad de centro poblado, 2025;Aija;;;;;;;;;;;;;
0203;2.3 departamento ancash: dispositivo legal de la municipalidad provincial que crea a la municipalidad de centro poblado conforme a la ley n° 27972, ley organica de municipalidades y directorio de municipalidad de centro poblado, 2025;Antonio Raymondi;;;;;;;;;;;;;
0204;2.3 departamento ancash: dispositivo legal de la municipalidad provincial que crea a la municipalidad de centro poblado conforme a la ley n° 27972, ley organica de municipalidades y directorio de municipalidad de centro poblado, 2025;Asunción;;;;;;;;;;;;;
0205;2.3 departamento ancash: dispositivo legal de la municipalidad provincial que crea a la municipalidad de centro poblado conforme a la ley n° 27972, ley organica de municipalidades y directorio de municipalidad de centro poblado, 2025;Bolognesi;;;;;;;;;;;;;
0206;2.3 departamento ancash: dispositivo legal de la municipalidad provincial que crea a la municipalidad de centro poblado conforme a la ley n° 27972, ley organica de municipalidades y directorio de municipalidad de centro poblado, 2025;Carhuaz;;;;;;;;;;;;;
0207;2.3 departamento ancash: dispositivo legal de la municipalidad provincial que crea a la municipalidad de centro poblado conforme a la ley n° 27972, ley organica de municipalidades y directorio de municipalidad de centro poblado, 2025;Carlos Fermin Fitzcarrald;;;;;;;;;;;;;
0208;2.3 departamento ancash: dispositivo legal de la municipalidad provincial que crea a la municipalidad de centro poblado conforme a la ley n° 27972, ley organica de municipalidades y directorio de municipalidad de centro poblado, 2025;Casma;;;;;;;;;;;;;
0209;2.3 departamento ancash: dispositivo legal de la municipalidad provincial que crea a la municipalidad de centro poblado conforme a la ley n° 27972, ley organica de municipalidades y directorio de municipalidad de centro poblado, 2025;Corongo;;;;;;;;;;;;;
0210;2.3 departamento ancash: dispositivo legal de la municipalidad provincial que crea a la municipalidad de centro poblado conforme a la ley n° 27972, ley organica de municipalidades y directorio de municipalidad de centro poblado, 2025;Huari;;;;;;;;;;;;;
0212;2.3 departamento ancash: dispositivo legal de la municipalidad provincial que crea a la municipalidad de centro poblado conforme a la ley n° 27972, ley organica de municipalidades y directorio de municipalidad de centro poblado, 2025;Huaylas;;;;;;;;;;;;;
0213;2.3 departamento ancash: dispositivo legal de la municipalidad provincial que crea a la municipalidad de centro poblado conforme a la ley n° 27972, ley organica de municipalidades y directorio de municipalidad de centro poblado, 2025;Mariscal Luzuriaga;;;;;;;;;;;;;
0214;2.3 departamento ancash: dispositivo legal de la municipalidad provincial que crea a la municipalidad de centro poblado conforme a la ley n° 27972, ley organica de municipalidades y directorio de municipalidad de centro poblado, 2025;Ocros;;;;;;;;;;;;;
0215;2.3 departamento ancash: dispositivo legal de la municipalidad provincial que crea a la municipalidad de centro poblado conforme a la ley n° 27972, ley organica de municipalidades y directorio de municipalidad de centro poblado, 2025;Pallasca;;;;;;;;;;;;;
0216;2.3 departamento ancash: dispositivo legal de la municipalidad provincial que crea a la municipalidad de centro poblado conforme a la ley n° 27972, ley organica de municipalidades y directorio de municipalidad de centro poblado, 2025;Pomabamba;;;;;;;;;;;;;
0217;2.3 departamento ancash: dispositivo legal de la municipalidad provincial que crea a la municipalidad de centro poblado conforme a la ley n° 27972, ley organica de municipalidades y directorio de municipalidad de centro poblado, 2025;Recuay;;;;;;;;;;;;;
0218;2.3 departamento ancash: dispositivo legal de la municipalidad provincial que crea a la municipalidad de centro poblado conforme a la ley n° 27972, ley organica de municipalidades y directorio de municipalidad de centro poblado, 2025;Santa;;;;;;;;;;;;;
0219;2.3 departamento ancash: dispositivo legal de la municipalidad provincial que crea a la municipalidad de centro poblado conforme a la ley n° 27972, ley organica de municipalidades y directorio de municipalidad de centro poblado, 2025;Sihuas;;;;;;;;;;;;;
0220;2.3 departamento ancash: dispositivo legal de la municipalidad provincial que crea a la municipalidad de centro poblado conforme a la ley n° 27972, ley organica de municipalidades y directorio de municipalidad de centro poblado, 2025;Yungay;;;;;;;;;;;;;
2002;20.3 departamento piura: dispositivo legal de la municipalidad provincial que crea a la municipalidad de centro poblado conforme a la ley n° 27972, ley organica de municipalidades y directorio de municipalidad de centro poblado, 2025;Ayabaca;;;;;;;;;;;;;
2003;20.3 departamento piura: dispositivo legal de la municipalidad provincial que crea a la municipalidad de centro poblado conforme a la ley n° 27972, ley organica de municipalidades y directorio de municipalidad de centro poblado, 2025;Huancabamba;;;;;;;;;;;;;
2004;20.3 departamento piura: dispositivo legal de la municipalidad provincial que crea a la municipalidad de centro poblado conforme a la ley n° 27972, ley organica de municipalidades y directorio de municipalidad de centro poblado, 2025;Morropón;;;;;;;;;;;;;
2005;20.3 departamento piura: dispositivo legal de la municipalidad provincial que crea a la municipalidad de centro poblado conforme a la ley n° 27972, ley organica de municipalidades y directorio de municipalidad de centro poblado, 2025;Paita;;;;;;;;;;;;;
2006;20.3 departamento piura: dispositivo legal de la municipalidad provincial que crea a la municipalidad de centro poblado conforme a la ley n° 27972, ley organica de municipalidades y directorio de municipalidad de centro poblado, 2025;Sullana;;;;;;;;;;;;;
2008;20.3 departamento piura: dispositivo legal de la municipalidad provincial que crea a la municipalidad de centro poblado conforme a la ley n° 27972, ley organica de municipalidades y directorio de municipalidad de centro poblado, 2025;Sechura;;;;;;;;;;;;;
2102;21.3 departamento puno: dispositivo legal de la municipalidad provincial que crea a la municipalidad de centro poblado conforme a la ley n° 27972, ley organica de municipalidades y directorio de municipalidad de centro poblado, 2025;Azángaro;;;;;;;;;;;;;
2103;21.3 departamento puno: dispositivo legal de la municipalidad provincial que crea a la municipalidad de centro poblado conforme a la ley n° 27972, ley organica de municipalidades y directorio de municipalidad de centro poblado, 2025;Carabaya;;;;;;;;;;;;;
2104;21.3 departamento puno: dispositivo legal de la municipalidad provincial que crea a la municipalidad de centro poblado conforme a la ley n° 27972, ley organica de municipalidades y directorio de municipalidad de centro poblado, 2025;Chucuito;;;;;;;;;;;;;
2105;21.3 departamento puno: dispositivo legal de la municipalidad provincial que crea a la municipalidad de centro poblado conforme a la ley n° 27972, ley organica de municipalidades y directorio de municipalidad de centro poblado, 2025;El Collao;;;;;;;;;;;;;
2106;21.3 departamento puno: dispositivo legal de la municipalidad provincial que crea a la municipalidad de centro poblado conforme a la ley n° 27972, ley organica de municipalidades y directorio de municipalidad de centro poblado, 2025;Huancané;;;;;;;;;;;;;
2107;21.3 departamento puno: dispositivo legal de la municipalidad provincial que crea a la municipalidad de centro poblado conforme a la ley n° 27972, ley organica de municipalidades y directorio de municipalidad de centro poblado, 2025;Lampa;;;;;;;;;;;;;
2108;21.3 departamento puno: dispositivo legal de la municipalidad provincial que crea a la municipalidad de centro poblado conforme a la ley n° 27972, ley organica de municipalidades y directorio de municipalidad de centro poblado, 2025;Melgar;;;;;;;;;;;;;
2109;21.3 departamento puno: dispositivo legal de la municipalidad provincial que crea a la municipalidad de centro poblado conforme a la ley n° 27972, ley organica de municipalidades y directorio de municipalidad de centro poblado, 2025;Moho;;;;;;;;;;;;;
2110;21.3 departamento puno: dispositivo legal de la municipalidad provincial que crea a la municipalidad de centro poblado conforme a la ley n° 27972, ley organica de municipalidades y directorio de municipalidad de centro poblado, 2025;San Antonio De Putina;;;;;;;;;;;;;
2111;21.3 departamento puno: dispositivo legal de la municipalidad provincial que crea a la municipalidad de centro poblado conforme a la ley n° 27972, ley organica de municipalidades y directorio de municipalidad de centro poblado, 2025;San Román;;;;;;;;;;;;;
2112;21.3 departamento puno: dispositivo legal de la municipalidad provincial que crea a la municipalidad de centro poblado conforme a la ley n° 27972, ley organica de municipalidades y directorio de municipalidad de centro poblado, 2025;Sandia;;;;;;;;;;;;;
2113;21.3 departamento puno: dispositivo legal de la municipalidad provincial que crea a la municipalidad de centro poblado conforme a la ley n° 27972, ley organica de municipalidades y directorio de municipalidad de centro poblado, 2025;Yunguyo;;;;;;;;;;;;;
2202;22.3 departamento san martin: dispositivo legal de la municipalidad provincial que crea a la municipalidad de centro poblado conforme a la ley n° 27972, ley organica de municipalidades y directorio de municipalidad de centro poblado, 2025;Bellavista;;;;;;;;;;;;;
2203;22.3 departamento san martin: dispositivo legal de la municipalidad provincial que crea a la municipalidad de centro poblado conforme a la ley n° 27972, ley organica de municipalidades y directorio de municipalidad de centro poblado, 2025;El Dorado;;;;;;;;;;;;;
2204;22.3 departamento san martin: dispositivo legal de la municipalidad provincial que crea a la municipalidad de centro poblado conforme a la ley n° 27972, ley organica de municipalidades y directorio de municipalidad de centro poblado, 2025;Huallaga;;;;;;;;;;;;;
2205;22.3 departamento san martin: dispositivo legal de la municipalidad provincial que crea a la municipalidad de centro poblado conforme a la ley n° 27972, ley organica de municipalidades y directorio de municipalidad de centro poblado, 2025;Lamas;;;;;;;;;;;;;
2206;22.3 departamento san martin: dispositivo legal de la municipalidad provincial que crea a la municipalidad de centro poblado conforme a la ley n° 27972, ley organica de municipalidades y directorio de municipalidad de centro poblado, 2025;Mariscal Cáceres;;;;;;;;;;;;;
2207;22.3 departamento san martin: dispositivo legal de la municipalidad provincial que crea a la municipalidad de centro poblado conforme a la ley n° 27972, ley organica de municipalidades y directorio de municipalidad de centro poblado, 2025;Picota;;;;;;;;;;;;;
2208;22.3 departamento san martin: dispositivo legal de la municipalidad provincial que crea a la municipalidad de centro poblado conforme a la ley n° 27972, ley organica de municipalidades y directorio de municipalidad de centro poblado, 2025;Rioja;;;;;;;;;;;;;
2209;22.3 departamento san martin: dispositivo legal de la municipalidad provincial que crea a la municipalidad de centro poblado conforme a la ley n° 27972, ley organica de municipalidades y directorio de municipalidad de centro poblado, 2025;San Martín;;;;;;;;;;;;;
2210;22.3 departamento san martin: dispositivo legal de la municipalidad provincial que crea a la municipalidad de centro poblado conforme a la ley n° 27972, ley organica de municipalidades y directorio de municipalidad de centro poblado, 2025;Tocache;;;;;;;;;;;;;
2302;23.3 departamento tacna: dispositivo legal de la municipalidad provincial que crea a la municipalidad de centro poblado conforme a la ley n° 27972, ley organica de municipalidades y directorio de municipalidad de centro poblado, 2025;Candarave;;;;;;;;;;;;;
2303;23.3 departamento tacna: dispositivo legal de la municipalidad provincial que crea a la municipalidad de centro poblado conforme a la ley n° 27972, ley organica de municipalidades y directorio de municipalidad de centro poblado, 2025;Jorge Basadre;;;;;;;;;;;;;
2304;23.3 departamento tacna: dispositivo legal de la municipalidad provincial que crea a la municipalidad de centro poblado conforme a la ley n° 27972, ley organica de municipalidades y directorio de municipalidad de centro poblado, 2025;Tarata;;;;;;;;;;;;;
2403;24.3 departamento tumbes: dispositivo legal de la municipalidad provincial que crea a la municipalidad de centro poblado conforme a la ley n° 27972, ley organica de municipalidades y directorio de municipalidad de centro poblado, 2025;Zarumilla;;;;;;;;;;;;;
2502;25.3 departamento ucayali: dispositivo legal de la municipalidad provincial que crea a la municipalidad de centro poblado conforme a la ley n° 27972, ley organica de municipalidades y directorio de la municipalidad de centro poblado, 2025;Atalaya;;;;;;;;;;;;;
2503;25.3 departamento ucayali: dispositivo legal de la municipalidad provincial que crea a la municipalidad de centro poblado conforme a la ley n° 27972, ley organica de municipalidades y directorio de la municipalidad de centro poblado, 2025;Padre Abad;;;;;;;;;;;;;
0302;3.3 departamento apurimac: dispositivo legal de la municipalidad provincial que crea a la municipalidad de centro poblado conforme a la ley n° 27972, ley organica de municipalidades y directorio de municipalidad de centro poblado, 2025;Andahuaylas;;;;;;;;;;;;;
0303;3.3 departamento apurimac: dispositivo legal de la municipalidad provincial que crea a la municipalidad de centro poblado conforme a la ley n° 27972, ley organica de municipalidades y directorio de municipalidad de centro poblado, 2025;Antabamba;;;;;;;;;;;;;
0304;3.3 departamento apurimac: dispositivo legal de la municipalidad provincial que crea a la municipalidad de centro poblado conforme a la ley n° 27972, ley organica de municipalidades y directorio de municipalidad de centro poblado, 2025;Aymaraes;;;;;;;;;;;;;
0305;3.3 departamento apurimac: dispositivo legal de la municipalidad provincial que crea a la municipalidad de centro poblado conforme a la ley n° 27972, ley organica de municipalidades y directorio de municipalidad de centro poblado, 2025;Cotabambas;;;;;;;;;;;;;
0306;3.3 departamento apurimac: dispositivo legal de la municipalidad provincial que crea a la municipalidad de centro poblado conforme a la ley n° 27972, ley organica de municipalidades y directorio de municipalidad de centro poblado, 2025;Chincheros;;;;;;;;;;;;;
0307;3.3 departamento apurimac: dispositivo legal de la municipalidad provincial que crea a la municipalidad de centro poblado conforme a la ley n° 27972, ley organica de municipalidades y directorio de municipalidad de centro poblado, 2025;Grau;;;;;;;;;;;;;
0402;4.3 departamento arequipa: dispositivo legal de la municipalidad provincial que crea a la municipalidad de centro poblado conforme a la ley n° 27972, ley organica de municipalidades y directorio de municipalidad de centro poblado, 2025;Camaná;;;;;;;;;;;;;
0404;4.3 departamento arequipa: dispositivo legal de la municipalidad provincial que crea a la municipalidad de centro poblado conforme a la ley n° 27972, ley organica de municipalidades y directorio de municipalidad de centro poblado, 2025;Castilla;;;;;;;;;;;;;
0405;4.3 departamento arequipa: dispositivo legal de la municipalidad provincial que crea a la municipalidad de centro poblado conforme a la ley n° 27972, ley organica de municipalidades y directorio de municipalidad de centro poblado, 2025;Caylloma;;;;;;;;;;;;;
0406;4.3 departamento arequipa: dispositivo legal de la municipalidad provincial que crea a la municipalidad de centro poblado conforme a la ley n° 27972, ley organica de municipalidades y directorio de municipalidad de centro poblado, 2025;Condesuyos;;;;;;;;;;;;;
0407;4.3 departamento arequipa: dispositivo legal de la municipalidad provincial que crea a la municipalidad de centro poblado conforme a la ley n° 27972, ley organica de municipalidades y directorio de municipalidad de centro poblado, 2025;Islay;;;;;;;;;;;;;
0502;5.3 departamento ayacucho: dispositivo legal de la municipalidad provincial que crea a la municipalidad de centro poblado conforme a la ley n° 27972, ley organica de municipalidades y directorio de municipalidad de centro poblado, 2025;Cangallo;;;;;;;;;;;;;
0503;5.3 departamento ayacucho: dispositivo legal de la municipalidad provincial que crea a la municipalidad de centro poblado conforme a la ley n° 27972, ley organica de municipalidades y directorio de municipalidad de centro poblado, 2025;Huanca Sancos;;;;;;;;;;;;;
0504;5.3 departamento ayacucho: dispositivo legal de la municipalidad provincial que crea a la municipalidad de centro poblado conforme a la ley n° 27972, ley organica de municipalidades y directorio de municipalidad de centro poblado, 2025;Huanta;;;;;;;;;;;;;
0505;5.3 departamento ayacucho: dispositivo legal de la municipalidad provincial que crea a la municipalidad de centro poblado conforme a la ley n° 27972, ley organica de municipalidades y directorio de municipalidad de centro poblado, 2025;La Mar;;;;;;;;;;;;;
0506;5.3 departamento ayacucho: dispositivo legal de la municipalidad provincial que crea a la municipalidad de centro poblado conforme a la ley n° 27972, ley organica de municipalidades y directorio de municipalidad de centro poblado, 2025;Lucanas;;;;;;;;;;;;;
0507;5.3 departamento ayacucho: dispositivo legal de la municipalidad provincial que crea a la municipalidad de centro poblado conforme a la ley n° 27972, ley organica de municipalidades y directorio de municipalidad de centro poblado, 2025;Parinacochas;;;;;;;;;;;;;
0508;5.3 departamento ayacucho: dispositivo legal de la municipalidad provincial que crea a la municipalidad de centro poblado conforme a la ley n° 27972, ley organica de municipalidades y directorio de municipalidad de centro poblado, 2025;Paucar Del Sara Sara;;;;;;;;;;;;;
0509;5.3 departamento ayacucho: dispositivo legal de la municipalidad provincial que crea a la municipalidad de centro poblado conforme a la ley n° 27972, ley organica de municipalidades y directorio de municipalidad de centro poblado, 2025;Sucre;;;;;;;;;;;;;
0510;5.3 departamento ayacucho: dispositivo legal de la municipalidad provincial que crea a la municipalidad de centro poblado conforme a la ley n° 27972, ley organica de municipalidades y directorio de municipalidad de centro poblado, 2025;Victor Fajardo;;;;;;;;;;;;;
0511;5.3 departamento ayacucho: dispositivo legal de la municipalidad provincial que crea a la municipalidad de centro poblado conforme a la ley n° 27972, ley organica de municipalidades y directorio de municipalidad de centro poblado, 2025;Vilcas Huamán;;;;;;;;;;;;;
0602;6.3 departamento cajamarca: dispositivo legal de la municipalidad provincial que crea a la municipalidad de centro poblado conforme a la ley n° 27972, ley organica de municipalidades y directorio de municipalidad de centro poblado, 2025;Cajabamba;;;;;;;;;;;;;
0603;6.3 departamento cajamarca: dispositivo legal de la municipalidad provincial que crea a la municipalidad de centro poblado conforme a la ley n° 27972, ley organica de municipalidades y directorio de municipalidad de centro poblado, 2025;Celendín;;;;;;;;;;;;;
0604;6.3 departamento cajamarca: dispositivo legal de la municipalidad provincial que crea a la municipalidad de centro poblado conforme a la ley n° 27972, ley organica de municipalidades y directorio de municipalidad de centro poblado, 2025;Chota;;;;;;;;;;;;;
0605;6.3 departamento cajamarca: dispositivo legal de la municipalidad provincial que crea a la municipalidad de centro poblado conforme a la ley n° 27972, ley organica de municipalidades y directorio de municipalidad de centro poblado, 2025;Contumazá;;;;;;;;;;;;;
0606;6.3 departamento cajamarca: dispositivo legal de la municipalidad provincial que crea a la municipalidad de centro poblado conforme a la ley n° 27972, ley organica de municipalidades y directorio de municipalidad de centro poblado, 2025;Cutervo;;;;;;;;;;;;;
0607;6.3 departamento cajamarca: dispositivo legal de la municipalidad provincial que crea a la municipalidad de centro poblado conforme a la ley n° 27972, ley organica de municipalidades y directorio de municipalidad de centro poblado, 2025;Hualgayoc;;;;;;;;;;;;;
0608;6.3 departamento cajamarca: dispositivo legal de la municipalidad provincial que crea a la municipalidad de centro poblado conforme a la ley n° 27972, ley organica de municipalidades y directorio de municipalidad de centro poblado, 2025;Jaén;;;;;;;;;;;;;
0609;6.3 departamento cajamarca: dispositivo legal de la municipalidad provincial que crea a la municipalidad de centro poblado conforme a la ley n° 27972, ley organica de municipalidades y directorio de municipalidad de centro poblado, 2025;San Ignacio;;;;;;;;;;;;;
0610;6.3 departamento cajamarca: dispositivo legal de la municipalidad provincial que crea a la municipalidad de centro poblado conforme a la ley n° 27972, ley organica de municipalidades y directorio de municipalidad de centro poblado, 2025;San Marcos;;;;;;;;;;;;;
0611;6.3 departamento cajamarca: dispositivo legal de la municipalidad provincial que crea a la municipalidad de centro poblado conforme a la ley n° 27972, ley organica de municipalidades y directorio de municipalidad de centro poblado, 2025;San Miguel;;;;;;;;;;;;;
0612;6.3 departamento cajamarca: dispositivo legal de la municipalidad provincial que crea a la municipalidad de centro poblado conforme a la ley n° 27972, ley organica de municipalidades y directorio de municipalidad de centro poblado, 2025;San Pablo;;;;;;;;;;;;;
0613;6.3 departamento cajamarca: dispositivo legal de la municipalidad provincial que crea a la municipalidad de centro poblado conforme a la ley n° 27972, ley organica de municipalidades y directorio de municipalidad de centro poblado, 2025;Santa Cruz;;;;;;;;;;;;;
0803;8.3 departamento cusco: dispositivo legal de la municipalidad provincial que crea a la municipalidad de centro poblado conforme a la ley n° 27972, ley organica de municipalidades y directorio de municipalidad de centro poblado, 2025;Anta;;;;;;;;;;;;;
0804;8.3 departamento cusco: dispositivo legal de la municipalidad provincial que crea a la municipalidad de centro poblado conforme a la ley n° 27972, ley organica de municipalidades y directorio de municipalidad de centro poblado, 2025;Calca;;;;;;;;;;;;;
0805;8.3 departamento cusco: dispositivo legal de la municipalidad provincial que crea a la municipalidad de centro poblado conforme a la ley n° 27972, ley organica de municipalidades y directorio de municipalidad de centro poblado, 2025;Canas;;;;;;;;;;;;;
0806;8.3 departamento cusco: dispositivo legal de la municipalidad provincial que crea a la municipalidad de centro poblado conforme a la ley n° 27972, ley organica de municipalidades y directorio de municipalidad de centro poblado, 2025;Canchis;;;;;;;;;;;;;
0807;8.3 departamento cusco: dispositivo legal de la municipalidad provincial que crea a la municipalidad de centro poblado conforme a la ley n° 27972, ley organica de municipalidades y directorio de municipalidad de centro poblado, 2025;Chumbivilcas;;;;;;;;;;;;;
0808;8.3 departamento cusco: dispositivo legal de la municipalidad provincial que crea a la municipalidad de centro poblado conforme a la ley n° 27972, ley organica de municipalidades y directorio de municipalidad de centro poblado, 2025;Espinar;;;;;;;;;;;;;
0809;8.3 departamento cusco: dispositivo legal de la municipalidad provincial que crea a la municipalidad de centro poblado conforme a la ley n° 27972, ley organica de municipalidades y directorio de municipalidad de centro poblado, 2025;La Convención;;;;;;;;;;;;;
0810;8.3 departamento cusco: dispositivo legal de la municipalidad provincial que crea a la municipalidad de centro poblado conforme a la ley n° 27972, ley organica de municipalidades y directorio de municipalidad de centro poblado, 2025;Paruro;;;;;;;;;;;;;
0811;8.3 departamento cusco: dispositivo legal de la municipalidad provincial que crea a la municipalidad de centro poblado conforme a la ley n° 27972, ley organica de municipalidades y directorio de municipalidad de centro poblado, 2025;Paucartambo;;;;;;;;;;;;;
0812;8.3 departamento cusco: dispositivo legal de la municipalidad provincial que crea a la municipalidad de centro poblado conforme a la ley n° 27972, ley organica de municipalidades y directorio de municipalidad de centro poblado, 2025;Quispicanchi;;;;;;;;;;;;;
0813;8.3 departamento cusco: dispositivo legal de la municipalidad provincial que crea a la municipalidad de centro poblado conforme a la ley n° 27972, ley organica de municipalidades y directorio de municipalidad de centro poblado, 2025;Urubamba;;;;;;;;;;;;;
0902;9.3 departamento huancavelica: dispositivo legal de la municipalidad provincial que crea a la municipalidad de centro poblado conforme a la ley n° 27972, ley organica de municipalidades y directorio de municipalidad de centro poblado, 2025;Acobamba;;;;;;;;;;;;;
0903;9.3 departamento huancavelica: dispositivo legal de la municipalidad provincial que crea a la municipalidad de centro poblado conforme a la ley n° 27972, ley organica de municipalidades y directorio de municipalidad de centro poblado, 2025;Angaraes;;;;;;;;;;;;;
0904;9.3 departamento huancavelica: dispositivo legal de la municipalidad provincial que crea a la municipalidad de centro poblado conforme a la ley n° 27972, ley organica de municipalidades y directorio de municipalidad de centro poblado, 2025;Castrovirreyna;;;;;;;;;;;;;
0905;9.3 departamento huancavelica: dispositivo legal de la municipalidad provincial que crea a la municipalidad de centro poblado conforme a la ley n° 27972, ley organica de municipalidades y directorio de municipalidad de centro poblado, 2025;Churcampa;;;;;;;;;;;;;
0906;9.3 departamento huancavelica: dispositivo legal de la municipalidad provincial que crea a la municipalidad de centro poblado conforme a la ley n° 27972, ley organica de municipalidades y directorio de municipalidad de centro poblado, 2025;Huaytará;;;;;;;;;;;;;
0907;9.3 departamento huancavelica: dispositivo legal de la municipalidad provincial que crea a la municipalidad de centro poblado conforme a la ley n° 27972, ley organica de municipalidades y directorio de municipalidad de centro poblado, 2025;Tayacaja;;;;;;;;;;;;;
